Epoch;Example;MSE
0;2;0.22195183142247576
0;3;0.17484494177782972
0;4;0.35140199126347600
0;5;0.16236023784729586
0;6;0.06704894786253050
0;7;0.45866001288128916
0;8;0.13742383703310693
0;9;0.40961088194419343
1;0;0.13921034850644850
